0_ECDF_0,0_ECDF_1,0_ECDF_2,0_ECDF_3,0_ECDF_4,0_ECDF_5,0_ECDF_6,0_ECDF_7,0_ECDF_8,0_ECDF_9,0_ECDF Percentile_0,0_ECDF Percentile_1,0_ECDF Percentile Count_0,0_ECDF Percentile Count_1,0_Histogram_0,0_Histogram_1,0_Histogram_2,0_Histogram_3,0_Histogram_4,0_Histogram_5,0_Histogram_6,0_Histogram_7,0_Histogram_8,0_Histogram_9,0_Interquartile range,0_Kurtosis,0_Max,0_Mean,0_Mean absolute deviation,0_Median,0_Median absolute deviation,0_Min,0_Root mean square,0_Skewness,0_Standard deviation,0_Variance,0_ECDF_0,0_ECDF_1,0_ECDF_2,0_ECDF_3,0_ECDF_4,0_ECDF_5,0_ECDF_6,0_ECDF_7,0_ECDF_8,0_ECDF_9,0_ECDF Percentile_0,0_ECDF Percentile_1,0_ECDF Percentile Count_0,0_ECDF Percentile Count_1,0_Histogram_0,0_Histogram_1,0_Histogram_2,0_Histogram_3,0_Histogram_4,0_Histogram_5,0_Histogram_6,0_Histogram_7,0_Histogram_8,0_Histogram_9,0_Interquartile range,0_Kurtosis,0_Max,0_Mean,0_Mean absolute deviation,0_Median,0_Median absolute deviation,0_Min,0_Root mean square,0_Skewness,0_Standard deviation,0_Variance,0_ECDF_0,0_ECDF_1,0_ECDF_2,0_ECDF_3,0_ECDF_4,0_ECDF_5,0_ECDF_6,0_ECDF_7,0_ECDF_8,0_ECDF_9,0_ECDF Percentile_0,0_ECDF Percentile_1,0_ECDF Percentile Count_0,0_ECDF Percentile Count_1,0_Histogram_0,0_Histogram_1,0_Histogram_2,0_Histogram_3,0_Histogram_4,0_Histogram_5,0_Histogram_6,0_Histogram_7,0_Histogram_8,0_Histogram_9,0_Interquartile range,0_Kurtosis,0_Max,0_Mean,0_Mean absolute deviation,0_Median,0_Median absolute deviation,0_Min,0_Root mean square,0_Skewness,0_Standard deviation,0_Variance,0_ECDF_0,0_ECDF_1,0_ECDF_2,0_ECDF_3,0_ECDF_4,0_ECDF_5,0_ECDF_6,0_ECDF_7,0_ECDF_8,0_ECDF_9,0_ECDF Percentile_0,0_ECDF Percentile_1,0_ECDF Percentile Count_0,0_ECDF Percentile Count_1,0_Histogram_0,0_Histogram_1,0_Histogram_2,0_Histogram_3,0_Histogram_4,0_Histogram_5,0_Histogram_6,0_Histogram_7,0_Histogram_8,0_Histogram_9,0_Interquartile range,0_Kurtosis,0_Max,0_Mean,0_Mean absolute deviation,0_Median,0_Median absolute deviation,0_Min,0_Root mean square,0_Skewness,0_Standard deviation,0_Variance,0_ECDF_0,0_ECDF_1,0_ECDF_2,0_ECDF_3,0_ECDF_4,0_ECDF_5,0_ECDF_6,0_ECDF_7,0_ECDF_8,0_ECDF_9,0_ECDF Percentile_0,0_ECDF Percentile_1,0_ECDF Percentile Count_0,0_ECDF Percentile Count_1,0_Histogram_0,0_Histogram_1,0_Histogram_2,0_Histogram_3,0_Histogram_4,0_Histogram_5,0_Histogram_6,0_Histogram_7,0_Histogram_8,0_Histogram_9,0_Interquartile range,0_Kurtosis,0_Max,0_Mean,0_Mean absolute deviation,0_Median,0_Median absolute deviation,0_Min,0_Root mean square,0_Skewness,0_Standard deviation,0_Variance,0_ECDF_0,0_ECDF_1,0_ECDF_2,0_ECDF_3,0_ECDF_4,0_ECDF_5,0_ECDF_6,0_ECDF_7,0_ECDF_8,0_ECDF_9,0_ECDF Percentile_0,0_ECDF Percentile_1,0_ECDF Percentile Count_0,0_ECDF Percentile Count_1,0_Histogram_0,0_Histogram_1,0_Histogram_2,0_Histogram_3,0_Histogram_4,0_Histogram_5,0_Histogram_6,0_Histogram_7,0_Histogram_8,0_Histogram_9,0_Interquartile range,0_Kurtosis,0_Max,0_Mean,0_Mean absolute deviation,0_Median,0_Median absolute deviation,0_Min,0_Root mean square,0_Skewness,0_Standard deviation,0_Variance,out
3.252244048393391e-05,6.504488096786782e-05,9.756732145180174e-05,0.00013008976193573565,0.00016261220241966956,0.00019513464290360347,0.00022765708338753741,0.0002601795238714713,0.00029270196435540524,0.0003252244048393391,-0.57,0.42,6149.0,24598.0,723.0,760.0,1066.0,1550.0,4835.0,9301.0,1688.0,922.0,731.0,606.0,0.53,80.94611660512284,36.28,-0.02034148562508261,0.9397902693518372,0.0,0.26,-46.76,2.15175691131357,-1.235343080722551,2.151660760749186,4.629644029347766,3.252244048393391e-05,6.504488096786782e-05,9.756732145180174e-05,0.00013008976193573565,0.00016261220241966956,0.00019513464290360347,0.00022765708338753741,0.0002601795238714713,0.00029270196435540524,0.0003252244048393391,-0.36,0.3,6149.0,24598.0,621.0,915.0,1242.0,1688.0,5119.0,11219.0,1441.0,1259.0,829.0,645.0,0.31,138.54422223613253,20.3,-0.110060166514879,0.7286581502522516,0.01,0.15000000000000002,-43.85,1.9203953313908808,-7.590533238847282,1.917238897105861,3.675804988575698,3.252244048393391e-05,6.504488096786782e-05,9.756732145180174e-05,0.00013008976193573565,0.00016261220241966956,0.00019513464290360347,0.00022765708338753741,0.0002601795238714713,0.00029270196435540524,0.0003252244048393391,-0.68,0.25,6149.0,24598.0,805.0,1039.0,1232.0,1845.0,6380.0,8034.0,1517.0,806.0,613.0,479.0,0.53,147.8271931022453,77.11,-0.13982047612853474,1.093843452346477,-0.01,0.25,-65.38,2.9526872716841877,-0.00021151131384605668,2.949374909844676,8.698812358821291,3.252244048393391e-05,6.504488096786782e-05,9.756732145180174e-05,0.00013008976193573565,0.00016261220241966956,0.00019513464290360347,0.00022765708338753741,0.0002601795238714713,0.00029270196435540524,0.0003252244048393391,-0.31,0.27,6149.0,24598.0,692.0,1134.0,1908.0,2034.0,3748.0,12825.0,1779.0,1277.0,750.0,666.0,0.30000000000000004,26.218291837572423,4.27,0.03961330818264503,0.4364621383116217,0.0,0.15,-12.46,0.8177576191888288,-0.809719154539491,0.8167975939952289,0.6671583095563948,3.252244048393391e-05,6.504488096786782e-05,9.756732145180174e-05,0.00013008976193573565,0.00016261220241966956,0.00019513464290360347,0.00022765708338753741,0.0002601795238714713,0.00029270196435540524,0.0003252244048393391,-0.33,0.3,6149.0,24598.0,628.0,838.0,1387.0,1583.0,4047.0,12032.0,1877.0,1160.0,711.0,694.0,0.3425,30.169535248761257,17.44,0.031179914140757194,0.5776130611947206,0.0,0.17,-6.24,1.1557271179080453,2.521285156103553,1.1553064459362703,1.3347329840218964,3.252244048393391e-05,6.504488096786782e-05,9.756732145180174e-05,0.00013008976193573565,0.00016261220241966956,0.00019513464290360347,0.00022765708338753741,0.0002601795238714713,0.00029270196435540524,0.0003252244048393391,-0.12,0.15,6149.0,24598.0,246.0,490.0,1240.0,2408.0,5630.0,14911.0,2224.0,1347.0,746.0,241.0,0.13,73.1296624848667,10.06,0.01667978405099531,0.24813355042548438,0.0,0.06,-6.52,0.6004944436195929,3.2860965951517045,0.6002627438232779,0.36031536162225025,1
6.866245536940401e-05,0.00013732491073880802,0.00020598736610821203,0.00027464982147761604,0.00034331227684702005,0.00041197473221642406,0.00048063718758582807,0.0005492996429552321,0.0006179620983246361,0.0006866245536940401,-0.75,0.38,2912.0,11651.0,757.0,1127.0,1691.0,1830.0,2160.0,1467.0,855.0,576.0,428.0,430.0,0.83,11.183289190418195,5.83,-0.15051428179071538,0.6895654374697897,-0.19,0.42,-10.6,1.0939311093041113,-0.4225497162479114,1.0835269829959748,1.1740307228803597,6.866245536940401e-05,0.00013732491073880802,0.00020598736610821203,0.00027464982147761604,0.00034331227684702005,0.00041197473221642406,0.00048063718758582807,0.0005492996429552321,0.0006179620983246361,0.0006866245536940401,-0.81,0.51,2912.0,11651.0,785.0,1027.0,1167.0,1330.0,1683.0,1596.0,1322.0,1061.0,693.0,473.0,1.05,2.65275935563154,5.5,-0.13153735237572226,0.6862119394825854,-0.08,0.52,-5.11,0.9452827670861607,-0.13105783298261517,0.9360862325021437,0.8762574346800576,6.866245536940401e-05,0.00013732491073880802,0.00020598736610821203,0.00027464982147761604,0.00034331227684702005,0.00041197473221642406,0.00048063718758582807,0.0005492996429552321,0.0006179620983246361,0.0006866245536940401,-0.88,0.46,2912.0,11651.0,760.0,972.0,1450.0,1421.0,1510.0,1639.0,1192.0,899.0,654.0,510.0,1.03,9.46333909294676,6.79,-0.2269163691293598,0.7168301004399106,-0.16,0.51,-8.09,1.0702338278647148,-1.0703260055094863,1.045901241861343,1.0939094077270994,6.866245536940401e-05,0.00013732491073880802,0.00020598736610821203,0.00027464982147761604,0.00034331227684702005,0.00041197473221642406,0.00048063718758582807,0.0005492996429552321,0.0006179620983246361,0.0006866245536940401,-0.3,0.46,2912.0,11651.0,415.0,479.0,735.0,1398.0,2798.0,3223.0,1577.0,1285.0,600.0,495.0,0.5700000000000001,4.139535839087641,3.46,0.08571546278494935,0.42633120377258904,0.04,0.27999999999999997,-1.77,0.6257391015713937,0.9110661392537415,0.6198405300356974,0.3842022826749343,6.866245536940401e-05,0.00013732491073880802,0.00020598736610821203,0.00027464982147761604,0.00034331227684702005,0.00041197473221642406,0.00048063718758582807,0.0005492996429552321,0.0006179620983246361,0.0006866245536940401,-0.15,0.22,2912.0,11651.0,41.0,61.0,252.0,1629.0,4706.0,4495.0,2051.0,800.0,124.0,86.0,0.29000000000000004,31.004480500994184,1.22,0.006807195825322612,0.2182664138721695,0.01,0.14,-3.81,0.39395382405841667,-3.933042176859507,0.39389500831470803,0.1551532775752439,6.866245536940401e-05,0.00013732491073880802,0.00020598736610821203,0.00027464982147761604,0.00034331227684702005,0.00041197473221642406,0.00048063718758582807,0.0005492996429552321,0.0006179620983246361,0.0006866245536940401,-0.16,0.13,2912.0,11651.0,33.0,143.0,204.0,1802.0,5412.0,5146.0,1495.0,126.0,82.0,41.0,0.24000000000000002,5.393601109074259,1.22,-0.017581708321889565,0.15421093826670104,-0.01,0.12,-1.25,0.2195742866187574,-0.1546906257929509,0.21886925521100029,0.047903750876617975,1
3.3101621979477e-05,6.6203243958954e-05,9.930486593843098e-05,0.000132406487917908,0.00016550810989738498,0.00019860973187686197,0.00023171135385633896,0.000264812975835816,0.00029791459781529296,0.00033101621979476995,-1.15,1.36,6042.0,24168.0,579.0,569.0,707.0,1007.0,5258.0,5743.0,1102.0,798.0,594.0,659.0,1.37,7.195437874982897,35.54,0.04833399536577314,1.5708392436656884,0.0,0.68,-10.9,2.5785067482257014,0.39749130836039454,2.5780536991182177,6.646360875537127,3.3101621979477e-05,6.6203243958954e-05,9.930486593843098e-05,0.000132406487917908,0.00016550810989738498,0.00019860973187686197,0.00023171135385633896,0.000264812975835816,0.00029791459781529296,0.00033101621979476995,-1.27,1.09,6042.0,24168.0,502.0,567.0,765.0,913.0,5424.0,6296.0,823.0,633.0,659.0,572.0,1.2999999999999998,10.642049125048231,13.03,-0.3738586560741432,1.6655785742109506,0.0,0.65,-30.36,2.7169635368628287,-1.9271464834497969,2.691118831623738,7.2421205659199135,3.3101621979477e-05,6.6203243958954e-05,9.930486593843098e-05,0.000132406487917908,0.00016550810989738498,0.00019860973187686197,0.00023171135385633896,0.000264812975835816,0.00029791459781529296,0.00033101621979476995,-2.16,1.16,6042.0,24168.0,447.0,572.0,787.0,1098.0,5732.0,4913.0,639.0,422.0,403.0,427.0,1.78,44.796180646522046,91.56,-0.11188447533929223,2.1640096393983357,-0.03,0.92,-24.36,3.703355958118565,2.573721422348759,3.7016654652618275,13.70232721671206,3.3101621979477e-05,6.6203243958954e-05,9.930486593843098e-05,0.000132406487917908,0.00016550810989738498,0.00019860973187686197,0.00023171135385633896,0.000264812975835816,0.00029791459781529296,0.00033101621979476995,-0.79,0.67,6042.0,24168.0,1007.0,992.0,1105.0,1218.0,3580.0,9033.0,1237.0,735.0,763.0,860.0,0.8200000000000001,2.561114445571935,6.84,0.014859649122806342,0.8647488794810326,0.0,0.4,-4.2,1.3965513288222124,0.7009590751498921,1.3964722714264795,1.950134804863031,3.3101621979477e-05,6.6203243958954e-05,9.930486593843098e-05,0.000132406487917908,0.00016550810989738498,0.00019860973187686197,0.00023171135385633896,0.000264812975835816,0.00029791459781529296,0.00033101621979476995,-0.61,0.56,6042.0,24168.0,833.0,904.0,1349.0,1325.0,5581.0,7538.0,1298.0,1366.0,1137.0,779.0,0.7,12.256184764955707,11.31,0.015988414432306534,0.7303672231048531,0.0,0.35,-7.04,1.2742048646406186,1.1303623283916753,1.2741045513135012,1.6233424076777785,3.3101621979477e-05,6.6203243958954e-05,9.930486593843098e-05,0.000132406487917908,0.00016550810989738498,0.00019860973187686197,0.00023171135385633896,0.000264812975835816,0.00029791459781529296,0.00033101621979476995,-0.36,0.36,6042.0,24168.0,862.0,1208.0,1385.0,1390.0,4824.0,10371.0,2127.0,1426.0,724.0,496.0,0.38,5.508773764318242,5.28,0.06877855014895815,0.5310530247223332,0.0,0.2,-4.74,0.9018925520474136,1.0622127658623848,0.8992661933364817,0.8086796864778865,1
1.2521442971087988e-05,2.5042885942175977e-05,3.756432891326396e-05,5.008577188435195e-05,6.260721485543994e-05,7.512865782652793e-05,8.765010079761592e-05,0.0001001715437687039,0.0001126929867397919,0.00012521442971087987,-0.39,0.46,15972.0,63890.0,2054.0,2666.0,3807.0,6804.0,16156.0,19105.0,4900.0,3787.0,3020.0,2857.0,0.54,185.0073209764149,31.16,0.004697920188322459,0.6178924724927409,0.0,0.27,-37.89,1.3424796272303605,-2.5285788494173747,1.3424714071719157,1.8022294790741438,1.2521442971087988e-05,2.5042885942175977e-05,3.756432891326396e-05,5.008577188435195e-05,6.260721485543994e-05,7.512865782652793e-05,8.765010079761592e-05,0.0001001715437687039,0.0001126929867397919,0.00012521442971087987,-0.38,0.25,15972.0,63890.0,2223.0,2470.0,4069.0,6491.0,17479.0,22627.0,5374.0,3329.0,2003.0,1345.0,0.4,119.73289897322587,25.87,-0.02682982106858049,0.5702518475158127,0.0,0.2,-31.73,1.3524577440120789,0.2132013897024932,1.3521915951668295,1.828422110039815,1.2521442971087988e-05,2.5042885942175977e-05,3.756432891326396e-05,5.008577188435195e-05,6.260721485543994e-05,7.512865782652793e-05,8.765010079761592e-05,0.0001001715437687039,0.0001126929867397919,0.00012521442971087987,-0.67,0.35,15972.0,63890.0,2744.0,3321.0,4046.0,5982.0,12500.0,19943.0,5727.0,3013.0,1923.0,1799.0,0.66,154.96996427971732,22.28,-0.12383444148103583,0.7533836985960681,0.0,0.32,-40.7,1.5932029476876735,-6.971922952398731,1.588383034290946,2.5229606636233126,1.2521442971087988e-05,2.5042885942175977e-05,3.756432891326396e-05,5.008577188435195e-05,6.260721485543994e-05,7.512865782652793e-05,8.765010079761592e-05,0.0001001715437687039,0.0001126929867397919,0.00012521442971087987,-0.26,0.34,15972.0,63890.0,1510.0,2438.0,3632.0,6313.0,16512.0,24393.0,5961.0,4729.0,3590.0,2305.0,0.37,17.42292963156381,9.94,-0.014733731515218874,0.40770293822958886,0.0,0.19,-4.55,0.7314122764965969,-0.2286420451612284,0.7312638616571111,0.5347468353656705,1.2521442971087988e-05,2.5042885942175977e-05,3.756432891326396e-05,5.008577188435195e-05,6.260721485543994e-05,7.512865782652793e-05,8.765010079761592e-05,0.0001001715437687039,0.0001126929867397919,0.00012521442971087987,-0.65,0.42,15972.0,63890.0,2403.0,3449.0,4442.0,5767.0,10209.0,20354.0,5866.0,4478.0,3169.0,2389.0,0.75,7.5026444054304235,8.41,-0.11245570539548892,0.643117221225528,0.0,0.36,-7.65,1.0046330542640909,-0.34031427714331425,0.9983192315307401,0.9966412880441274,1.2521442971087988e-05,2.5042885942175977e-05,3.756432891326396e-05,5.008577188435195e-05,6.260721485543994e-05,7.512865782652793e-05,8.765010079761592e-05,0.0001001715437687039,0.0001126929867397919,0.00012521442971087987,-0.16,0.13,15972.0,63890.0,722.0,1568.0,3462.0,6616.0,20445.0,33782.0,5726.0,2393.0,805.0,780.0,0.18,49.65214360096044,9.42,0.004183914954359162,0.24251726496902043,0.0,0.09,-2.75,0.5442920582821913,4.2180914375162075,0.5442759773908492,0.29623633956476425,1
5.906674542232723e-05,0.00011813349084465446,0.0001772002362669817,0.00023626698168930892,0.00029533372711163615,0.0003544004725339634,0.0004134672179562906,0.00047253396337861784,0.000531600708800945,0.0005906674542232723,-0.84,0.52,3386.0,13544.0,1162.0,1397.0,1753.0,1685.0,2280.0,1451.0,942.0,720.0,626.0,552.0,1.02,15.64920442466947,9.49,-0.1349320732427628,0.816942014458621,-0.19,0.51,-16.19,1.323615062630539,-0.5362313187463426,1.3167194726413312,1.733750169632865,5.906674542232723e-05,0.00011813349084465446,0.0001772002362669817,0.00023626698168930892,0.00029533372711163615,0.0003544004725339634,0.0004134672179562906,0.00047253396337861784,0.000531600708800945,0.0005906674542232723,-0.82,0.67,3386.0,13544.0,793.0,960.0,1173.0,1319.0,1902.0,1698.0,1359.0,1334.0,953.0,872.0,1.17,4.9411409602755185,5.69,-0.0829066745422314,0.775418542771395,-0.03,0.5800000000000001,-8.1,1.0913798713677554,-0.6356036749540693,1.08822631237396,1.1842365069430274,5.906674542232723e-05,0.00011813349084465446,0.0001772002362669817,0.00023626698168930892,0.00029533372711163615,0.0003544004725339634,0.0004134672179562906,0.00047253396337861784,0.000531600708800945,0.0005906674542232723,-0.92,0.52,3386.0,13544.0,802.0,939.0,1367.0,1723.0,1677.0,1903.0,1351.0,1208.0,828.0,682.0,1.1099999999999999,9.902343590611574,5.35,-0.20370584760779836,0.756714357336025,-0.12,0.55,-11.53,1.1057422050284138,-1.1737320211327524,1.0868163375803024,1.1811697516314617,5.906674542232723e-05,0.00011813349084465446,0.0001772002362669817,0.00023626698168930892,0.00029533372711163615,0.0003544004725339634,0.0004134672179562906,0.00047253396337861784,0.000531600708800945,0.0005906674542232723,-0.31,0.35,3386.0,13544.0,371.0,631.0,1208.0,2038.0,2999.0,4405.0,2176.0,1101.0,510.0,321.0,0.48,6.640278561820107,4.1,0.06867158889544858,0.38789381745968365,0.02,0.24000000000000002,-2.26,0.6155655249724062,1.4338444431786266,0.6117230814781802,0.37420512841316034,5.906674542232723e-05,0.00011813349084465446,0.0001772002362669817,0.00023626698168930892,0.00029533372711163615,0.0003544004725339634,0.0004134672179562906,0.00047253396337861784,0.000531600708800945,0.0005906674542232723,-0.19,0.26,3386.0,13544.0,90.0,173.0,472.0,2308.0,4843.0,4731.0,2457.0,1111.0,342.0,90.0,0.35,28.870460249322253,1.56,0.004513290017719925,0.24513171353920346,0.01,0.17,-3.87,0.40777591769859595,-3.5280374386058564,0.4077509402418929,0.16626082926814773,5.906674542232723e-05,0.00011813349084465446,0.0001772002362669817,0.00023626698168930892,0.00029533372711163615,0.0003544004725339634,0.0004134672179562906,0.00047253396337861784,0.000531600708800945,0.0005906674542232723,-0.15,0.13,3386.0,13544.0,69.0,274.0,353.0,1840.0,5567.0,7109.0,1419.0,207.0,44.0,27.0,0.21,3.369234076727758,1.04,-0.01900886001181332,0.14729279124040012,0.0,0.1,-1.08,0.21047702690342512,-0.5617482028164934,0.20961689363015573,0.043939242095156025,1
2.254537256228159e-05,4.509074512456318e-05,6.763611768684478e-05,9.018149024912637e-05,0.00011272686281140796,0.00013527223537368956,0.00015781760793597113,0.00018036298049825273,0.00020290835306053433,0.00022545372562281593,-1.31,1.55,8871.0,35484.0,1048.0,1297.0,1630.0,1635.0,5639.0,6880.0,1675.0,1266.0,1084.0,1098.0,1.8,5.703161305133738,21.7,0.11307293428023799,1.651295274350419,0.0,0.9,-15.2,2.5855857192214255,0.26676295120876614,2.5831120809935952,6.672468022975063,2.254537256228159e-05,4.509074512456318e-05,6.763611768684478e-05,9.018149024912637e-05,0.00011272686281140796,0.00013527223537368956,0.00015781760793597113,0.00018036298049825273,0.00020290835306053433,0.00022545372562281593,-1.16,0.66,8871.0,35484.0,1186.0,1459.0,1810.0,2380.0,6903.0,8198.0,1941.0,1476.0,1147.0,1166.0,1.1400000000000001,29.41547940459879,23.08,-0.2589556983429158,1.3713272788067108,-0.01,0.5700000000000001,-39.85,2.4013922360583235,-2.2070972758466367,2.3873890796636417,5.699626617697211,2.254537256228159e-05,4.509074512456318e-05,6.763611768684478e-05,9.018149024912637e-05,0.00011272686281140796,0.00013527223537368956,0.00015781760793597113,0.00018036298049825273,0.00020290835306053433,0.00022545372562281593,-2.13,1.15,8871.0,35484.0,901.0,980.0,1091.0,1587.0,6330.0,5676.0,1464.0,1137.0,1072.0,1183.0,2.24,36.70999448324176,64.87,-0.2533531732611861,1.905676934804236,-0.03,1.07,-33.71,3.1045580731675337,1.7370683622697447,3.0942031283139344,9.574092999267737,2.254537256228159e-05,4.509074512456318e-05,6.763611768684478e-05,9.018149024912637e-05,0.00011272686281140796,0.00013527223537368956,0.00015781760793597113,0.00018036298049825273,0.00020290835306053433,0.00022545372562281593,-0.77,0.47,8871.0,35484.0,3126.0,3789.0,3173.0,2796.0,5551.0,9077.0,2284.0,1745.0,1656.0,1545.0,0.92,4.66549612095223,4.81,-0.050107766880846456,0.6616101227528101,-0.01,0.5,-5.19,1.0013060313705415,0.8500894259480278,1.0000514887531204,1.0001029801573327,2.254537256228159e-05,4.509074512456318e-05,6.763611768684478e-05,9.018149024912637e-05,0.00011272686281140796,0.00013527223537368956,0.00015781760793597113,0.00018036298049825273,0.00020290835306053433,0.00022545372562281593,-0.46,1.19,8871.0,35484.0,1152.0,1553.0,1953.0,2284.0,5516.0,8231.0,2218.0,2085.0,1674.0,2148.0,1.22,2.2243138800740656,7.61,0.335989178221157,0.9745084987934856,0.04,0.5900000000000001,-5.58,1.4088883075334602,0.5757477143600814,1.368238844362632,1.8720775352227907,2.254537256228159e-05,4.509074512456318e-05,6.763611768684478e-05,9.018149024912637e-05,0.00011272686281140796,0.00013527223537368956,0.00015781760793597113,0.00018036298049825273,0.00020290835306053433,0.00022545372562281593,-0.38,0.33,8871.0,35484.0,1359.0,2345.0,3325.0,4632.0,8369.0,11747.0,3205.0,2244.0,1593.0,1403.0,0.47500000000000003,7.185007290234967,2.71,-0.016401758539059823,0.402088324260902,0.0,0.24,-5.23,0.6389460272211768,-0.8122150206519411,0.6387354757789234,0.40798300801852766,1
2.1920210434020168e-05,4.3840420868040336e-05,6.57606313020605e-05,8.768084173608067e-05,0.00010960105217010084,0.000131521262604121,0.00015344147303814117,0.00017536168347216134,0.0001972818939061815,0.00021920210434020167,-0.9827,0.9591,9124.0,36496.0,1374.0,1392.0,1878.0,2501.0,7764.0,5755.0,2525.0,1919.0,1379.0,1205.0,1.2591,14.658432110815596,15.3716,-0.011435149057430975,1.2286494796794751,-0.0176,0.6293000000000001,-25.0206,2.086472072638573,-0.3099130043689368,2.0864407365815185,4.35323494726683,2.1920210434020168e-05,4.3840420868040336e-05,6.57606313020605e-05,8.768084173608067e-05,0.00010960105217010084,0.000131521262604121,0.00015344147303814117,0.00017536168347216134,0.0001972818939061815,0.00021920210434020167,-1.0825,0.7114,9124.0,36496.0,1367.0,1588.0,1885.0,2413.0,6523.0,7960.0,2513.0,1819.0,1553.0,1179.0,1.1866249999999998,15.161211272110865,13.2286,-0.22854177553704635,1.4104692776399972,-0.0054,0.5805,-26.5707,2.599074957520159,-1.8354248837879341,2.589007395053691,6.702959291642699,2.1920210434020168e-05,4.3840420868040336e-05,6.57606313020605e-05,8.768084173608067e-05,0.00010960105217010084,0.000131521262604121,0.00015344147303814117,0.00017536168347216134,0.0001972818939061815,0.00021920210434020167,-1.2021,1.7735,9124.0,36496.0,1096.0,1379.0,1782.0,2659.0,6375.0,5443.0,1728.0,1443.0,1089.0,855.0,1.824825,18.908232024856783,35.8728,0.13311937527400372,1.7272571991814802,-0.0088,0.888,-37.4056,2.948358870034474,-1.2207860292655581,2.9453521450647533,8.675099258437543,2.1920210434020168e-05,4.3840420868040336e-05,6.57606313020605e-05,8.768084173608067e-05,0.00010960105217010084,0.000131521262604121,0.00015344147303814117,0.00017536168347216134,0.0001972818939061815,0.00021920210434020167,-0.36,0.8154,9124.0,36496.0,930.0,1046.0,1333.0,1477.0,6886.0,9704.0,3750.0,3286.0,2381.0,2668.0,0.7413,2.51067470822189,2.8731,0.06808271372205194,0.6809021807345761,0.0591,0.4178,-5.7733,1.0205550995237656,-1.0307563604423038,1.0182816188344856,1.0368974552561807,2.1920210434020168e-05,4.3840420868040336e-05,6.57606313020605e-05,8.768084173608067e-05,0.00010960105217010084,0.000131521262604121,0.00015344147303814117,0.00017536168347216134,0.0001972818939061815,0.00021920210434020167,-0.8258,0.6144,9124.0,36496.0,1442.0,1553.0,2095.0,2204.0,6516.0,9416.0,2828.0,2436.0,1927.0,1460.0,0.9699,2.0809499881815983,5.5648,-0.07378570144673263,0.7992198334869448,0.0073,0.4752,-4.6182,1.1841547257604352,-0.0540804459669587,1.181853664716065,1.3967780848027926,2.1920210434020168e-05,4.3840420868040336e-05,6.57606313020605e-05,8.768084173608067e-05,0.00010960105217010084,0.000131521262604121,0.00015344147303814117,0.00017536168347216134,0.0001972818939061815,0.00021920210434020167,-0.3168,0.3942,9124.0,36496.0,1071.0,1609.0,2230.0,3195.0,10029.0,11301.0,4143.0,3451.0,2615.0,1371.0,0.46215000000000006,12.567998915808957,3.1177,-0.006633382288471008,0.4158821779743278,0.0032,0.2322,-7.5262,0.6888558632362749,-1.1688915226332277,0.6888239242029918,0.4744783985544089,1
1.557098813490704e-05,3.114197626981408e-05,4.6712964404721124e-05,6.228395253962816e-05,7.78549406745352e-05,9.342592880944225e-05,0.00010899691694434929,0.00012456790507925632,0.00014013889321416338,0.0001557098813490704,-1.2254,1.2299,12844.0,51377.0,2253.0,2611.0,2765.0,3272.0,6951.0,6080.0,3132.0,2833.0,2278.0,2085.0,1.7889750000000002,32.141611057655,46.9124,0.08679990501697452,1.488904840606929,-0.0183,0.895,-20.8648,2.4598627171075034,2.022784143713078,2.458330808395127,6.0433903635046375,1.557098813490704e-05,3.114197626981408e-05,4.6712964404721124e-05,6.228395253962816e-05,7.78549406745352e-05,9.342592880944225e-05,0.00010899691694434929,0.00012456790507925632,0.00014013889321416338,0.0001557098813490704,-1.3479,1.0103,12844.0,51377.0,1989.0,2384.0,2921.0,3226.0,6971.0,8623.0,3582.0,2771.0,1823.0,1549.0,1.55275,69.58029000989892,18.0581,-0.27730664881192724,1.7611166543440608,-0.0094,0.7888,-68.7253,3.232082224721746,-4.433656811945935,3.2201640532567932,10.36945652988722,1.557098813490704e-05,3.114197626981408e-05,4.6712964404721124e-05,6.228395253962816e-05,7.78549406745352e-05,9.342592880944225e-05,0.00010899691694434929,0.00012456790507925632,0.00014013889321416338,0.0001557098813490704,-1.7046,2.5492,12844.0,51377.0,1637.0,1988.0,2596.0,3291.0,5576.0,4944.0,2203.0,1530.0,1203.0,1236.0,3.077,8.182210769217779,11.9914,0.03978678957366671,2.285680481588777,-0.0387,1.4516,-27.0091,3.5659134381555884,-1.5343345944985696,3.565691470078992,12.714155659794082,1.557098813490704e-05,3.114197626981408e-05,4.6712964404721124e-05,6.228395253962816e-05,7.78549406745352e-05,9.342592880944225e-05,0.00010899691694434929,0.00012456790507925632,0.00014013889321416338,0.0001557098813490704,-0.6776,0.9559,12844.0,51377.0,1264.0,1687.0,2063.0,2539.0,6863.0,9121.0,5091.0,4217.0,4385.0,4573.0,1.1728,1.2741543003878366,4.2338,0.033001937030923724,0.8624353821876896,0.1178,0.6291,-4.4539,1.2021064761028915,-0.8681499486083301,1.2016533826527072,1.4439708520406935,1.557098813490704e-05,3.114197626981408e-05,4.6712964404721124e-05,6.228395253962816e-05,7.78549406745352e-05,9.342592880944225e-05,0.00010899691694434929,0.00012456790507925632,0.00014013889321416338,0.0001557098813490704,-0.9633,0.7239,12844.0,51377.0,2772.0,3683.0,3771.0,4049.0,7336.0,8368.0,4320.0,3156.0,2397.0,2177.0,1.2325,2.4864275342662356,6.438,-0.11119424496278572,0.9000266264483664,-0.02605,0.63125,-7.9574,1.271566988945153,-0.24409379073878051,1.2666958779684032,1.6045184472621437,1.557098813490704e-05,3.114197626981408e-05,4.6712964404721124e-05,6.228395253962816e-05,7.78549406745352e-05,9.342592880944225e-05,0.00010899691694434929,0.00012456790507925632,0.00014013889321416338,0.0001557098813490704,-0.3477,0.395,12844.0,51377.0,1625.0,2146.0,3420.0,6071.0,12215.0,13336.0,8452.0,6372.0,3341.0,1758.0,0.5552,10.42495268354287,4.0904,-0.01340074740743266,0.41166839265364324,0.0098,0.2798,-6.8665,0.635618500737146,-0.5942044460213199,0.6354772210302138,0.40383129844828314,1
1.2745835298316274e-05,2.549167059663255e-05,3.823750589494882e-05,5.09833411932651e-05,6.372917649158137e-05,7.647501178989765e-05,8.922084708821392e-05,0.0001019666823865302,0.00011471251768484647,0.00012745835298316274,-0.39,0.36,15691.0,62765.0,1739.0,2428.0,4071.0,7458.0,16327.0,17380.0,7079.0,4203.0,2334.0,1685.0,0.52,18.211453861987643,16.47,0.015238028474196247,0.6164903933587558,-0.01,0.26,-8.5,1.1724151514848875,2.004806833976681,1.1723161220079514,1.374325089919762,1.2745835298316274e-05,2.549167059663255e-05,3.823750589494882e-05,5.09833411932651e-05,6.372917649158137e-05,7.647501178989765e-05,8.922084708821392e-05,0.0001019666823865302,0.00011471251768484647,0.00012745835298316274,-0.33,0.22,15691.0,62765.0,1485.0,2201.0,3814.0,7827.0,19482.0,20826.0,6826.0,2949.0,1821.0,1203.0,0.39,121.80274480221053,6.68,-0.10929222376588316,0.5102849014910943,-0.02,0.19,-31.41,1.0647137952504189,-5.484943867170927,1.0590895503314446,1.1216706756212613,1.2745835298316274e-05,2.549167059663255e-05,3.823750589494882e-05,5.09833411932651e-05,6.372917649158137e-05,7.647501178989765e-05,8.922084708821392e-05,0.0001019666823865302,0.00011471251768484647,0.00012745835298316274,-0.5,0.31,15691.0,62765.0,1892.0,2520.0,4152.0,8134.0,16516.0,15764.0,7013.0,3442.0,2119.0,1180.0,0.5599999999999999,33.99363980838068,25.44,-0.09700383649642225,0.7778202835010295,-0.04,0.27,-9.39,1.6506551742570945,2.405889031705896,1.6478024032044492,2.715252760006358,1.2745835298316274e-05,2.549167059663255e-05,3.823750589494882e-05,5.09833411932651e-05,6.372917649158137e-05,7.647501178989765e-05,8.922084708821392e-05,0.0001019666823865302,0.00011471251768484647,0.00012745835298316274,-0.27,0.13,15691.0,62765.0,1481.0,2228.0,4485.0,5609.0,21444.0,26836.0,4769.0,2026.0,1370.0,903.0,0.25,13.806262917505471,5.12,-0.03651503371273472,0.3469592166439771,-0.01,0.12,-4.09,0.6697439623903803,1.450978489925284,0.6687478055824744,0.447223627471375,1.2745835298316274e-05,2.549167059663255e-05,3.823750589494882e-05,5.09833411932651e-05,6.372917649158137e-05,7.647501178989765e-05,8.922084708821392e-05,0.0001019666823865302,0.00011471251768484647,0.00012745835298316274,-0.26,0.43,15691.0,62765.0,1417.0,1924.0,3331.0,6789.0,17346.0,20317.0,6466.0,3943.0,2692.0,2212.0,0.44000000000000006,9.986548282814917,6.35,0.0738909211415187,0.49672707900552565,0.01,0.22,-8.38,0.8518390961020365,-0.636445120958829,0.8486282916688711,0.7201699774208266,1.2745835298316274e-05,2.549167059663255e-05,3.823750589494882e-05,5.09833411932651e-05,6.372917649158137e-05,7.647501178989765e-05,8.922084708821392e-05,0.0001019666823865302,0.00011471251768484647,0.00012745835298316274,-0.08,0.08,15691.0,62765.0,391.0,1143.0,2280.0,4879.0,26705.0,34142.0,4472.0,2088.0,937.0,333.0,0.1,63.65390444483516,2.37,-0.011259798360885023,0.1539476845517598,0.0,0.05,-5.76,0.3494621713724352,-4.671304861239877,0.34928072686769407,0.12199702616122472,0
1.3510774842937243e-05,2.7021549685874486e-05,4.0532324528811726e-05,5.404309937174897e-05,6.755387421468622e-05,8.106464905762345e-05,9.45754239005607e-05,0.00010808619874349794,0.00012159697358643518,0.00013510774842937244,-0.34,0.32,14803.0,59212.0,1526.0,1996.0,3369.0,5718.0,17862.0,18769.0,4859.0,2829.0,1936.0,1418.0,0.4,11.464078233282814,9.32,-0.009791393636425035,0.591268586899455,-0.01,0.2,-11.49,1.105866971702693,-0.4866934552319674,1.1058236241432913,1.222845887713403,1.3510774842937243e-05,2.7021549685874486e-05,4.0532324528811726e-05,5.404309937174897e-05,6.755387421468622e-05,8.106464905762345e-05,9.45754239005607e-05,0.00010808619874349794,0.00012159697358643518,0.00013510774842937244,-0.16,0.19,14803.0,59212.0,1055.0,1472.0,1960.0,3657.0,22427.0,23686.0,3786.0,2226.0,1462.0,1236.0,0.21000000000000002,17.931398340851597,11.98,0.03775640072958195,0.4939712673890866,0.0,0.11,-5.92,1.0555677430416153,1.8816183438310867,1.0548922761845567,1.1127977143538352,1.3510774842937243e-05,2.7021549685874486e-05,4.0532324528811726e-05,5.404309937174897e-05,6.755387421468622e-05,8.106464905762345e-05,9.45754239005607e-05,0.00010808619874349794,0.00012159697358643518,0.00013510774842937244,-0.38,0.18,14803.0,59212.0,1359.0,1674.0,2334.0,3975.0,18297.0,23068.0,3648.0,2062.0,1517.0,1452.0,0.31,23.808801646513746,19.16,-0.11805579950009983,0.6747363405237742,0.0,0.14,-7.3,1.3428197647578017,1.5322837663378217,1.3376201810785362,1.789227748828576,1.3510774842937243e-05,2.7021549685874486e-05,4.0532324528811726e-05,5.404309937174897e-05,6.755387421468622e-05,8.106464905762345e-05,9.45754239005607e-05,0.00010808619874349794,0.00012159697358643518,0.00013510774842937244,-0.09,0.2,14803.0,59212.0,897.0,1105.0,1952.0,3468.0,20507.0,28373.0,4521.0,3029.0,2267.0,1738.0,0.16,14.671345986199771,4.45,0.0014502465716408168,0.3145035052218823,0.0,0.07,-5.17,0.6611038550030639,-2.059706562726527,0.6611022643167649,0.43705620388475364,1.3510774842937243e-05,2.7021549685874486e-05,4.0532324528811726e-05,5.404309937174897e-05,6.755387421468622e-05,8.106464905762345e-05,9.45754239005607e-05,0.00010808619874349794,0.00012159697358643518,0.00013510774842937244,-0.37,0.27,14803.0,59212.0,1529.0,2258.0,3153.0,4271.0,16771.0,22382.0,3973.0,2753.0,1951.0,1740.0,0.33,5.989191142432421,5.85,-0.056989394041747146,0.5416982287892558,0.0,0.16,-7.2,0.9570051231041055,-0.5716478581268134,0.9553067646646891,0.9126110146141158,1.3510774842937243e-05,2.7021549685874486e-05,4.0532324528811726e-05,5.404309937174897e-05,6.755387421468622e-05,8.106464905762345e-05,9.45754239005607e-05,0.00010808619874349794,0.00012159697358643518,0.00013510774842937244,-0.06,0.11,14803.0,59212.0,378.0,861.0,2445.0,4266.0,22219.0,33191.0,4855.0,2588.0,1103.0,783.0,0.1,12.716702694848706,2.33,0.024159427143146044,0.16572812650660781,0.0,0.05,-3.01,0.30784302094106314,0.43433435946345555,0.3068935444453847,0.0941836476222513,0
5.6915196357427435e-05,0.00011383039271485487,0.0001707455890722823,0.00022766078542970974,0.0002845759817871372,0.0003414911781445646,0.00039840637450199205,0.0004553215708594195,0.0005122367672168469,0.0005691519635742744,-0.34,0.31,3514.0,14056.0,326.0,682.0,1689.0,2650.0,3239.0,3886.0,2377.0,1218.0,696.0,337.0,0.52,3.433435313285778,1.9,-0.0106647694934548,0.3256834369652041,-0.01,0.26,-4.53,0.4318002183550034,-0.16239755646291446,0.43166849695463844,0.18633769126307667,5.6915196357427435e-05,0.00011383039271485487,0.0001707455890722823,0.00022766078542970974,0.0002845759817871372,0.0003414911781445646,0.00039840637450199205,0.0004553215708594195,0.0005122367672168469,0.0005691519635742744,-0.43,0.33,3514.0,14056.0,500.0,1237.0,1785.0,2303.0,2863.0,3374.0,2526.0,1507.0,846.0,324.0,0.6000000000000001,-0.14026780693272523,1.19,-0.040006260671599764,0.3523936054141057,-0.02,0.30000000000000004,-1.72,0.4409685942120921,-0.23368454113961273,0.43915008845320547,0.19285280018845818,5.6915196357427435e-05,0.00011383039271485487,0.0001707455890722823,0.00022766078542970974,0.0002845759817871372,0.0003414911781445646,0.00039840637450199205,0.0004553215708594195,0.0005122367672168469,0.0005691519635742744,-0.51,0.46,3514.0,14056.0,736.0,1079.0,1584.0,1899.0,2324.0,2834.0,2122.0,1503.0,1014.0,660.0,0.75,0.950464139273691,2.18,-0.0156573705179282,0.4763137637271009,0.01,0.38,-3.92,0.6214218553991099,-0.24786293041783208,0.6212245722089073,0.3859199691161398,5.6915196357427435e-05,0.00011383039271485487,0.0001707455890722823,0.00022766078542970974,0.0002845759817871372,0.0003414911781445646,0.00039840637450199205,0.0004553215708594195,0.0005122367672168469,0.0005691519635742744,-0.11,0.11,3514.0,14056.0,0.0,63.0,135.0,1074.0,7391.0,7937.0,769.0,178.0,5.0,7.0,0.16999999999999998,5.45787915766334,1.28,-4.553215708591187e-05,0.10909340408915735,0.0,0.09,-0.7,0.14993878470114094,0.24021086526612237,0.14993877778773054,0.022481637084478437,5.6915196357427435e-05,0.00011383039271485487,0.0001707455890722823,0.00022766078542970974,0.0002845759817871372,0.0003414911781445646,0.00039840637450199205,0.0004553215708594195,0.0005122367672168469,0.0005691519635742744,-0.11,0.11,3514.0,14056.0,10.0,52.0,175.0,1070.0,7126.0,7719.0,1131.0,127.0,52.0,29.0,0.16,35.564895905143494,0.96,-0.006058622652248251,0.12200330153489262,0.0,0.08,-2.5,0.20175712194363818,-3.412245711524637,0.20166613336536585,0.04066922934653753,5.6915196357427435e-05,0.00011383039271485487,0.0001707455890722823,0.00022766078542970974,0.0002845759817871372,0.0003414911781445646,0.00039840637450199205,0.0004553215708594195,0.0005122367672168469,0.0005691519635742744,-0.2,0.21,3514.0,14056.0,16.0,164.0,704.0,2694.0,4916.0,5368.0,2919.0,587.0,161.0,37.0,0.33999999999999997,0.3354622041216233,1.01,0.006180990324416711,0.19813927281361535,0.01,0.16999999999999998,-0.88,0.24909411286334301,0.0306620738555092,0.2490174138926529,0.062009672421784796,0
2.4187891541494327e-05,4.8375783082988655e-05,7.256367462448299e-05,9.675156616597731e-05,0.00012093945770747164,0.00014512734924896598,0.00016931524079046029,0.00019350313233195462,0.00021769102387344895,0.0002418789154149433,-1.53,1.76,8268.0,33074.0,1097.0,1092.0,1187.0,1550.0,4966.0,5987.0,1457.0,1063.0,781.0,825.0,2.1799999999999997,2.530191492439732,19.97,0.06447040611469887,1.860489492659828,0.0,1.08,-14.66,2.8168536782301867,-0.13963299922763686,2.816115802181217,7.930508211294758,2.4187891541494327e-05,4.8375783082988655e-05,7.256367462448299e-05,9.675156616597731e-05,0.00012093945770747164,0.00014512734924896598,0.00016931524079046029,0.00019350313233195462,0.00021769102387344895,0.0002418789154149433,-1.15,0.64,8268.0,33074.0,951.0,951.0,1552.0,1899.0,6125.0,8252.0,2466.0,1807.0,1205.0,998.0,1.0899999999999999,10.82094020736312,7.07,-0.35670681856662884,1.3212277807679542,0.0,0.51,-19.43,2.184139770818443,-2.2389966449358196,2.1548147911269835,4.643226784059626,2.4187891541494327e-05,4.8375783082988655e-05,7.256367462448299e-05,9.675156616597731e-05,0.00012093945770747164,0.00014512734924896598,0.00016931524079046029,0.00019350313233195462,0.00021769102387344895,0.0002418789154149433,-2.52,1.19,8268.0,33074.0,901.0,978.0,1088.0,1574.0,5434.0,5300.0,1270.0,849.0,796.0,816.0,2.47,5.65558138654762,21.08,-0.32733086616839485,2.0396517805402867,-0.05,1.22,-11.81,3.1488102074998325,1.0151709702177352,3.131750345558997,9.807860226908897,2.4187891541494327e-05,4.8375783082988655e-05,7.256367462448299e-05,9.675156616597731e-05,0.00012093945770747164,0.00014512734924896598,0.00016931524079046029,0.00019350313233195462,0.00021769102387344895,0.0002418789154149433,-0.64,0.58,8268.0,33074.0,2381.0,2742.0,3050.0,3016.0,6390.0,8924.0,1755.0,1368.0,1179.0,1026.0,0.78,3.3309395609494636,4.85,0.0705340686452363,0.6824924013627116,-0.01,0.42,-4.48,1.027698555239418,1.0794195248623362,1.0252752145651076,1.0511892656015274,2.4187891541494327e-05,4.8375783082988655e-05,7.256367462448299e-05,9.675156616597731e-05,0.00012093945770747164,0.00014512734924896598,0.00016931524079046029,0.00019350313233195462,0.00021769102387344895,0.0002418789154149433,-0.5,1.29,8268.0,33074.0,1055.0,1166.0,1420.0,1723.0,5795.0,7660.0,1810.0,1420.0,1629.0,1856.0,1.25,2.0659937860833217,6.99,0.30560094816534433,0.9752332003194456,0.02,0.66,-4.13,1.373461942315069,0.5552158177520764,1.339031652900086,1.7930057674683368,2.4187891541494327e-05,4.8375783082988655e-05,7.256367462448299e-05,9.675156616597731e-05,0.00012093945770747164,0.00014512734924896598,0.00016931524079046029,0.00019350313233195462,0.00021769102387344895,0.0002418789154149433,-0.38,0.3,8268.0,33074.0,1259.0,2198.0,3251.0,5133.0,7989.0,10904.0,2147.0,1660.0,1191.0,1320.0,0.43,6.425624260332297,2.88,-0.008723121205525142,0.40926990176579414,-0.01,0.24,-4.89,0.6564359368784617,-0.294384483682317,0.6563779752413186,0.43083204638189304,0
1.8823883743693997e-05,3.7647767487387995e-05,5.6471651231081995e-05,7.529553497477599e-05,9.411941871847e-05,0.00011294330246216399,0.000131767186205858,0.00015059106994955198,0.00016941495369324599,0.00018823883743694,-1.0399,1.1226,10624.0,42499.0,1735.0,1912.0,2256.0,2408.0,7416.0,6211.0,2574.0,2229.0,2039.0,1757.0,1.5506,7.997857314658306,13.3525,0.1062599070100145,1.2919211108724837,-0.0031,0.7761,-19.9602,2.0688791567276517,0.4359967687220751,2.0661485419263474,4.268969797304372,1.8823883743693997e-05,3.7647767487387995e-05,5.6471651231081995e-05,7.529553497477599e-05,9.411941871847e-05,0.00011294330246216399,0.000131767186205858,0.00015059106994955198,0.00016941495369324599,0.00018823883743694,-1.5562,0.8836,10624.0,42499.0,1422.0,1310.0,1857.0,2507.0,8380.0,7261.0,2286.0,1688.0,1392.0,1032.0,1.58545,20.97071271893761,11.4103,-0.3298568085987468,1.8506701713614877,-0.0202,0.78755,-51.503,3.1843118329137354,-2.198766564093122,3.1671811339194766,10.031036335055463,1.8823883743693997e-05,3.7647767487387995e-05,5.6471651231081995e-05,7.529553497477599e-05,9.411941871847e-05,0.00011294330246216399,0.000131767186205858,0.00015059106994955198,0.00016941495369324599,0.00018823883743694,-1.6902,2.6863,10624.0,42499.0,1332.0,1310.0,1327.0,2141.0,5970.0,6058.0,1603.0,1066.0,869.0,687.0,3.044025,10.735826466243735,13.8572,-0.03438215684059995,2.4189662237503105,-0.0033,1.4327999999999999,-35.1547,3.9980374095449864,-2.13034303609118,3.9978895676859874,15.98312099541245,1.8823883743693997e-05,3.7647767487387995e-05,5.6471651231081995e-05,7.529553497477599e-05,9.411941871847e-05,0.00011294330246216399,0.000131767186205858,0.00015059106994955198,0.00016941495369324599,0.00018823883743694,-0.5911,1.0057,10624.0,42499.0,930.0,1130.0,1204.0,1843.0,6948.0,9209.0,2652.0,2612.0,3250.0,4107.0,1.1089,1.2463324027198013,3.1437,0.039521830057977776,0.8754931655301135,0.0441,0.6690499999999999,-4.4015,1.24453858792456,-1.0198589740115391,1.2439108978468558,1.5473143217821708,1.8823883743693997e-05,3.7647767487387995e-05,5.6471651231081995e-05,7.529553497477599e-05,9.411941871847e-05,0.00011294330246216399,0.000131767186205858,0.00015059106994955198,0.00016941495369324599,0.00018823883743694,-0.8918,0.7122,10624.0,42499.0,1884.0,2143.0,2816.0,2902.0,7780.0,8853.0,3013.0,2208.0,1967.0,1749.0,1.104875,2.7163940051220905,8.9977,-0.07052702168511499,0.842699992880557,-0.0038,0.5534,-5.0456,1.219300377574274,0.1335121126931563,1.2172589494290509,1.4817193499651165,1.8823883743693997e-05,3.7647767487387995e-05,5.6471651231081995e-05,7.529553497477599e-05,9.411941871847e-05,0.00011294330246216399,0.000131767186205858,0.00015059106994955198,0.00016941495369324599,0.00018823883743694,-0.3359,0.3801,10624.0,42499.0,1258.0,1836.0,3094.0,4428.0,10383.0,12117.0,7076.0,4804.0,2801.0,975.0,0.5216,12.958180106949081,3.8802,0.0033707495670523987,0.4034685466563582,0.0037,0.2687,-7.1152,0.6759064641176424,-0.5300006448070752,0.6758980590912775,0.45683818628335604,0
1.19002284843869e-05,2.38004569687738e-05,3.57006854531607e-05,4.76009139375476e-05,5.95011424219345e-05,7.14013709063214e-05,8.33015993907083e-05,9.52018278750952e-05,0.0001071020563594821,0.000119002284843869,-0.48,0.57,16806.0,67225.0,1897.0,2296.0,2921.0,4569.0,18507.0,19156.0,4422.0,2883.0,2534.0,2180.0,0.5700000000000001,8.696435062184287,10.9512,0.018237933168317264,0.8483020840968412,0.0,0.2829,-18.6946,1.541033713924881,0.31720271962778457,1.5409257883647351,2.3744522852474805,1.19002284843869e-05,2.38004569687738e-05,3.57006854531607e-05,4.76009139375476e-05,5.95011424219345e-05,7.14013709063214e-05,8.33015993907083e-05,9.52018278750952e-05,0.0001071020563594821,0.000119002284843869,-0.6155,0.3524,16806.0,67225.0,1820.0,2284.0,2678.0,3519.0,14780.0,26344.0,3532.0,2412.0,1936.0,1646.0,0.470175,20.654817239376207,10.2132,-0.1766543792840666,1.0969772913768459,0.01,0.22,-36.2506,2.112264484927263,-2.1057715223431943,2.104864481282265,4.430454484563659,1.19002284843869e-05,2.38004569687738e-05,3.57006854531607e-05,4.76009139375476e-05,5.95011424219345e-05,7.14013709063214e-05,8.33015993907083e-05,9.52018278750952e-05,0.0001071020563594821,0.000119002284843869,-0.732,1.1854,16806.0,67225.0,1532.0,1759.0,2574.0,3711.0,10308.0,20333.0,6455.0,2444.0,1411.0,1090.0,0.8965,11.895867332285542,9.5488,0.12663302789413564,1.4903881767579397,0.0647,0.44530000000000003,-23.8527,2.7235688075448303,-1.8473412780254526,2.7206232972755178,7.401791125678311,1.19002284843869e-05,2.38004569687738e-05,3.57006854531607e-05,4.76009139375476e-05,5.95011424219345e-05,7.14013709063214e-05,8.33015993907083e-05,9.52018278750952e-05,0.0001071020563594821,0.000119002284843869,-0.2,0.6491,16806.0,67225.0,1296.0,1376.0,1991.0,3764.0,18978.0,23047.0,4020.0,3542.0,3518.0,4788.0,0.5,3.600836272203342,3.79,0.012989376666032637,0.5547322865295671,0.01,0.19999999999999998,-3.9715,0.9227811485754864,-1.1738277975962375,0.9226897226376131,0.8513563242610753,1.19002284843869e-05,2.38004569687738e-05,3.57006854531607e-05,4.76009139375476e-05,5.95011424219345e-05,7.14013709063214e-05,8.33015993907083e-05,9.52018278750952e-05,0.0001071020563594821,0.000119002284843869,-0.35,0.5963,16806.0,67225.0,2050.0,2593.0,2921.0,4389.0,17605.0,20712.0,5159.0,3459.0,2707.0,2391.0,0.5468,2.828312727748406,5.1153,0.07757645777798822,0.6345853363128375,0.01,0.2628,-4.1891,1.009918206202193,0.15487993967521166,1.0069342959781578,1.013916676417028,1.19002284843869e-05,2.38004569687738e-05,3.57006854531607e-05,4.76009139375476e-05,5.95011424219345e-05,7.14013709063214e-05,8.33015993907083e-05,9.52018278750952e-05,0.0001071020563594821,0.000119002284843869,-0.1526,0.26,16806.0,67225.0,1065.0,1990.0,3084.0,5674.0,19860.0,29734.0,7722.0,5451.0,3229.0,1222.0,0.2272,17.073166943086047,4.44,0.012408950161841244,0.2854444156626958,0.0007,0.118,-6.7125,0.5178077499976332,-0.4914483668769375,0.5176590421441735,0.26797088391362317,0
6.11545988258317e-05,0.0001223091976516634,0.0001834637964774951,0.0002446183953033268,0.0003057729941291585,0.0003669275929549902,0.0004280821917808219,0.0004892367906066536,0.0005503913894324853,0.000611545988258317,-0.44,0.09,3270.0,13081.0,416.0,1101.0,2015.0,1923.0,4541.0,4425.0,1029.0,512.0,114.0,12.0,0.42,0.6725112154951822,1.14,-0.14586411448140674,0.26603531474632736,-0.07,0.17,-1.46,0.3725804609117726,-0.5269831410412914,0.3428408668169214,0.11753985995977802,6.11545988258317e-05,0.0001223091976516634,0.0001834637964774951,0.0002446183953033268,0.0003057729941291585,0.0003669275929549902,0.0004280821917808219,0.0004892367906066536,0.0005503913894324853,0.000611545988258317,-0.16,0.23,3270.0,13081.0,193.0,342.0,793.0,1364.0,4692.0,5164.0,1879.0,1178.0,436.0,104.0,0.27,2.465207286051439,1.09,0.00765105185909971,0.22460431231773792,0.01,0.13,-1.6,0.3278303949562073,-0.6643275038459875,0.32774110096628856,0.10741422926259493,6.11545988258317e-05,0.0001223091976516634,0.0001834637964774951,0.0002446183953033268,0.0003057729941291585,0.0003669275929549902,0.0004280821917808219,0.0004892367906066536,0.0005503913894324853,0.000611545988258317,-0.39,0.3,3270.0,13081.0,531.0,837.0,1061.0,1425.0,3825.0,3988.0,1241.0,655.0,557.0,409.0,0.45,3.2243569753813075,3.27,-0.0016475048923679026,0.4144597496826286,-0.02,0.22,-2.38,0.6274913554577212,0.8002354807732922,0.6274891926573906,0.3937426869018238,6.11545988258317e-05,0.0001223091976516634,0.0001834637964774951,0.0002446183953033268,0.0003057729941291585,0.0003669275929549902,0.0004280821917808219,0.0004892367906066536,0.0005503913894324853,0.000611545988258317,-0.06,0.05,3270.0,13081.0,0.0,12.0,37.0,344.0,7349.0,8347.0,246.0,17.0,0.0,0.0,0.07,5.9270133070801965,0.52,-0.002791707436399263,0.06065638466577839,0.0,0.04,-0.76,0.09000281986232574,-0.45036882268607076,0.08995951285306146,0.008092713952760129,6.11545988258317e-05,0.0001223091976516634,0.0001834637964774951,0.0002446183953033268,0.0003057729941291585,0.0003669275929549902,0.0004280821917808219,0.0004892367906066536,0.0005503913894324853,0.000611545988258317,-0.09,0.05,3270.0,13081.0,0.0,0.0,89.0,1043.0,6931.0,7916.0,365.0,8.0,0.0,0.0,0.1,1.9032183754246796,0.46,-0.018485812133072797,0.07996470894959146,0.0,0.05,-0.54,0.11384943021067563,-0.4399376141642789,0.11233862874843181,0.01261996750907799,6.11545988258317e-05,0.0001223091976516634,0.0001834637964774951,0.0002446183953033268,0.0003057729941291585,0.0003669275929549902,0.0004280821917808219,0.0004892367906066536,0.0005503913894324853,0.000611545988258317,-0.22,0.03,3270.0,13081.0,0.0,67.0,992.0,2776.0,5999.0,5908.0,414.0,154.0,42.0,0.0,0.19999999999999998,1.4997369410461143,0.78,-0.07523422211350281,0.14112048703593613,-0.03,0.08,-0.73,0.20055367648747274,-0.2520944144207445,0.18590747423279275,0.034561588975616495,0
4.8725819811918335e-05,9.745163962383667e-05,0.000146177459435755,0.00019490327924767334,0.00024362909905959167,0.00029235491887151,0.00034108073868342834,0.0003898065584953467,0.000438532378307265,0.00048725819811918335,-1.13,0.81,4104.0,16418.0,347.0,546.0,632.0,639.0,3941.0,4321.0,717.0,541.0,420.0,404.0,1.02,4.6619391820256135,18.11,-0.019097597817083648,1.7635448801494307,-0.01,0.51,-17.06,3.157566569888634,0.5749785401749075,3.157508816303738,9.969861925035831,4.8725819811918335e-05,9.745163962383667e-05,0.000146177459435755,0.00019490327924767334,0.00024362909905959167,0.00029235491887151,0.00034108073868342834,0.0003898065584953467,0.000438532378307265,0.00048725819811918335,-1.23,0.66,4104.0,16418.0,308.0,430.0,406.0,583.0,3750.0,5244.0,670.0,502.0,424.0,504.0,0.8799999999999999,12.137852079452205,13.07,-0.43155825171758494,1.9959350630479509,0.0,0.4,-30.59,3.786193559799886,-2.112146392319945,3.7615181971705374,14.14901914764509,4.8725819811918335e-05,9.745163962383667e-05,0.000146177459435755,0.00019490327924767334,0.00024362909905959167,0.00029235491887151,0.00034108073868342834,0.0003898065584953467,0.000438532378307265,0.00048725819811918335,-1.6,0.43,4104.0,16418.0,383.0,419.0,595.0,894.0,3980.0,4351.0,708.0,450.0,297.0,306.0,1.0999999999999999,75.05208154631254,79.49,-0.29000048725819627,1.725952999149714,-0.02,0.45,-13.32,3.128886635722653,3.5780199486776714,3.1154183180745,9.705831296594148,4.8725819811918335e-05,9.745163962383667e-05,0.000146177459435755,0.00019490327924767334,0.00024362909905959167,0.00029235491887151,0.00034108073868342834,0.0003898065584953467,0.000438532378307265,0.00048725819811918335,-0.61,0.28,4104.0,16418.0,729.0,759.0,737.0,1093.0,4194.0,5840.0,949.0,693.0,520.0,435.0,0.45,3.2855252640457886,4.07,-0.05693270964283895,0.5984444733955303,0.0,0.22,-3.95,0.9901543946697545,0.34462215574646693,0.9885162577603651,0.9771643918565567,4.8725819811918335e-05,9.745163962383667e-05,0.000146177459435755,0.00019490327924767334,0.00024362909905959167,0.00029235491887151,0.00034108073868342834,0.0003898065584953467,0.000438532378307265,0.00048725819811918335,-0.63,0.29,4104.0,16418.0,469.0,470.0,534.0,724.0,4726.0,5680.0,1046.0,699.0,535.0,299.0,0.41000000000000003,4.226045905737011,6.11,-0.10970374701554071,0.7827385021387131,0.0,0.19,-8.23,1.32955198405051,-0.16761574868097437,1.3250183267348878,1.755673566183322,4.8725819811918335e-05,9.745163962383667e-05,0.000146177459435755,0.00019490327924767334,0.00024362909905959167,0.00029235491887151,0.00034108073868342834,0.0003898065584953467,0.000438532378307265,0.00048725819811918335,-0.38,0.24,4104.0,16418.0,478.0,771.0,937.0,1231.0,3753.0,7171.0,879.0,464.0,315.0,372.0,0.31,4.394129801618855,4.52,0.040743068752132176,0.5650306400599702,0.0,0.16,-4.36,0.9992998596622663,0.8621646368050441,0.9984689338530465,0.9969402118696393,0
